{
    "uvs":[],
    "vertices":[0.0478845,1.24676,0.196147,0.0326829,1.17642,-0.171857,0.0361686,1.25188,-0.170914,0.0507712,1.30927,0.196927,0.0390549,1.3144,-0.170134,0.366598,0.687057,0.0679102,0.296966,0.566913,-0.00504446,0.361912,0.689106,-0.0789137,0.141841,0.29414,-0.095777,0.121418,0.273833,0.0812769,0.220184,0.999262,-0.0835261,0.278108,0.877087,-0.000114441,0.215905,1.00814,-0.0890951,-0.110684,0.223996,-0.180572,-0.218095,0.0123601,-0.180097,-0.0415018,0.0812809,-0.184772,-0.0976298,0.05566,-0.183338,0.210196,0.0457513,-0.193301,0.0554805,0.0244508,-0.188662,0.012815,0.0711551,-0.186648,-0.00312901,-0.194058,-0.18984,0.0921383,-0.15194,-0.192294,0.0527844,-0.0572522,-0.189715,-0.126342,-0.0199733,-0.183477,-0.188064,-0.11217,-0.182794,-0.0855179,-0.0879347,-0.18573,-0.100402,-0.184567,-0.186602,-0.0169864,-0.104213,-0.188144,0.032764,1.36285,-0.169257,0.0819178,1.01498,-0.175668,0.0479946,1.37592,-0.169544,0.0206423,1.01039,-0.173776,0.226975,0.99461,0.0960951,0.154558,0.997644,0.12163,0.0934744,0.999603,0.190796,0.115861,1.34181,0.181603,0.103862,1.3472,-0.158348,0.205688,1.29091,-0.0891223,0.219613,1.28417,0.101636,0.28861,1.24487,-0.087193,0.527091,0.663675,-0.102916,0.540156,0.660227,0.0803709,0.257702,0.124743,-0.101839,0.263561,0.122181,0.0816917,0.221913,0.0406282,0.173759,0.103528,-0.157593,0.174771,0.0444002,1.17129,0.195205,0.0317526,1.00628,0.193306,0.0517464,1.36973,0.197746,-0.0989676,0.218874,0.186488,0.0711384,-0.0403924,0.177441,0.0565987,0.042486,0.17906,-0.0382433,0.0785866,0.182592,-0.204381,0.0141599,0.186996,-0.104818,0.0232348,0.183946,0.0216031,-0.102333,0.178157,0.004879,-0.199836,0.17733,-0.0655422,-0.0995343,0.180978,-0.104596,-0.183911,0.181046,-0.186455,-0.0981374,0.184857,-0.109632,-0.0414724,0.183196,0.0170436,0.258428,-0.0922918,0.172904,1.00927,-0.0992336,0.139092,1.0116,-0.116382,0.119812,1.01407,-0.13169,0.0985389,1.01564,-0.153376,0.124741,1.00281,-0.113274,0.0680566,1.00633,-0.174873,0.174386,1.00021,-0.0869117],
    "normals":[-0.998427,0.0456918,0.0325057,-0.998426,0.0457101,0.0325097,-0.998426,0.0456997,0.032507,-0.998427,0.0456927,0.0325057,-0.998561,0.0154091,0.0513592,-0.991165,-0.129234,0.0298339,-0.873654,0.485311,0.0346642,-0.862495,0.504348,-0.0416472,-0.860126,0.509745,-0.0185062,-0.909422,-0.41522,0.0233494,-0.909489,-0.415056,0.0236369,-0.909489,-0.415056,0.0236364,-0.0319156,0.0139433,-0.999393,-0.0319027,0.0139511,-0.999394,-0.0318876,0.0139659,-0.999394,-0.0318955,0.0139563,-0.999394,-0.0318886,0.0139585,-0.999394,-0.031899,0.0139513,-0.999394,-0.0318864,0.0139424,-0.999394,-0.0319044,0.0139512,-0.999394,-0.0319037,0.0139529,-0.999394,-0.0319026,0.0139506,-0.999394,-0.0319025,0.0139508,-0.999394,-0.0319052,0.0139527,-0.999394,-0.0319007,0.0139336,-0.999394,-0.0318971,0.013933,-0.999394,-0.0319133,0.0139498,-0.999393,0.159848,0.038617,-0.986386,0.11599,-0.156737,-0.980806,0.0765762,0.0468679,-0.995962,0.17692,0.00410596,-0.984217,0.176886,0.00413081,-0.984223,-0.0318975,0.0138666,-0.999395,-0.0272245,-0.0481891,-0.998467,-0.0854732,-0.996331,-0.00425261,-0.0477856,-0.998716,-0.0168508,-0.05339,-0.998395,-0.0188858,-0.0189159,-0.999504,-0.0251711,-0.0435185,-0.998917,-0.0164476,-0.107912,-0.994129,-0.00786738,-0.0442486,-0.998887,-0.0163542,0.401611,0.915741,0.0113161,0.457534,0.88919,-0.00207095,0.483741,0.875205,-0.00321739,0.486194,0.873838,-0.00464067,0.485521,0.874213,-0.00457829,0.892101,-0.446066,-0.0719805,0.888793,-0.45699,-0.0347497,0.873662,-0.485297,-0.0346619,0.873663,-0.485296,-0.0346615,0.857947,-0.512576,-0.0345406,0.857969,-0.512541,-0.0345143,0.0390718,-0.0144888,0.999131,0.223661,0.011548,0.974598,0.0397037,-0.0143076,0.999109,0.0397647,-0.0142963,0.999107,0.237159,-0.0169938,0.971322,0.0319039,-0.0139466,0.999394,0.0318957,-0.0139539,0.999394,0.0319008,-0.013946,0.999394,0.0318915,-0.0139152,0.999394,0.0319037,-0.0139468,0.999394,0.0318959,-0.013937,0.999394,0.0319005,-0.0139487,0.999394,0.0318953,-0.0139576,0.999394,0.0318988,-0.0139466,0.999394,0.0318989,-0.0139464,0.999394,0.0319033,-0.0139471,0.999394,0.0318932,-0.0139542,0.999394,0.031897,-0.013956,0.999394,0.0318971,-0.0139441,0.999394,0.393042,-0.919232,-0.023038,0.40364,-0.914531,-0.0266081,-0.986685,-0.158228,0.0376362,-0.971982,-0.234685,0.0132125,-0.722455,-0.690787,0.0295281,-0.636923,-0.770905,-0.00589103,-0.143949,-0.989585,0.000122665,-0.0975512,-0.995139,-0.0135327,-0.780876,0.6246,0.010354,-0.556706,0.828927,0.0543942,0.0318271,0.999457,-0.00848238,0.23167,0.972625,0.0181459,0.415015,-0.909756,-0.0103536,-0.183449,-0.983013,-0.00558258,-0.356567,-0.933771,-0.0305123,-0.737088,-0.674872,0.0353409,-0.984855,-0.173002,0.0114798,-0.998304,0.0323175,0.0484207,0.795731,0.605167,-0.0242035,0.857069,0.515125,-0.00885447,0.996054,-0.0735291,-0.0497028,0.93483,-0.354855,-0.013033,0.637673,-0.768316,-0.0553503,-0.891156,0.452364,0.0347587,-0.888596,0.457645,0.0309523,-0.272233,0.959017,0.0785892,-0.22083,0.974211,0.0463299,-0.274478,0.961338,0.0221782,-0.996927,0.071943,0.0309792,-0.996565,0.076006,0.0328731,0.922994,0.38032,-0.0586377,0.869519,0.438988,0.226332,0.030587,-0.018347,0.999364,-0.0912536,-0.131883,0.987056,-0.0609264,0.0683613,0.995798,-0.000193371,0.00255428,0.999997,0.0129664,-0.0185388,-0.999744,-0.0608267,0.00204418,-0.998146,-0.156227,-0.0860218,-0.983968,-0.125946,0.11226,-0.985665,-0.0318983,0.0139471,-0.999394,-0.0319005,0.0139456,-0.999394,0.320745,0.628037,-0.709008,0.320739,0.628034,-0.709013,0.365854,0.608315,0.704347,0.341203,0.322225,0.883035,0.814684,0.029381,-0.57916,0.229683,0.00820548,-0.973231,0.451102,-0.020476,-0.892237,0.54339,-0.0477614,-0.838121,0.618837,-0.033176,-0.784818,0.71291,-0.0219575,-0.700912,0.801815,-0.0218293,-0.597173,0.33217,-0.00960417,0.943171,0.582016,-0.0756476,0.809651,0.74874,-0.0311956,0.662129,-0.722913,-0.0329821,-0.690151,-0.677467,-0.0528495,0.733652,-0.650906,0.75891,0.0194266,0.285093,-0.6981,-0.656793,0.119955,-0.793005,-0.597288,0.3435,-0.757532,-0.555115,0.379425,0.872131,-0.308909,0.464079,-0.782018,-0.416026,0.273996,-0.758912,-0.590744,0.0527146,-0.512331,-0.857169,0.545458,-0.64215,-0.538628],